time;x;y;fx;fy
63;120;-121;0;-163
126;120;-123;0;-163
189;120;-125;0;-163
252;120;-127;0;-163
315;120;-129;0;-153
378;120;-130;0;-153
441;120;-130;0;-153
504;120;-130;0;-153
567;120;-130;0;-153
630;120;-130;0;-162
693;120;-130;0;-162
756;120;-130;0;-162
819;120;-130;0;-162
882;120;-130;0;-162
945;120;-130;0;-159
1008;120;-130;0;-159
1071;120;-130;0;-159
1134;120;-130;0;-159
1197;120;-130;0;-159
1260;120;-130;0;-155
1323;120;-130;0;-155
1386;120;-130;0;-155
1449;120;-130;0;-155
1512;120;-130;0;-155
1575;120;-130;0;0
1638;120;-128;0;305
1701;120;-125;134;305
1764;122;-121;134;305
1827;123;-117;134;305
1890;126;-109;134;305
1953;128;-105;134;283
2016;129;-101;60;283
2079;129;-92;60;283
2142;129;-87;60;283
2205;129;-82;60;283
2268;129;-78;60;60
2331;129;-78;0;60
2394;129;-78;0;60
2457;129;-78;-117;60
2520;128;-78;-117;60
2583;126;-78;-117;0
2646;123;-78;-117;0
2709;122;-78;-117;0
2772;120;-78;-117;0
2835;119;-78;-136;0
2898;115;-78;-136;59
2961;113;-78;-136;59
3024;112;-78;-136;59
3087;110;-78;-136;59
3150;110;-78;-92;59
3213;110;-78;-92;59
3276;110;-75;-92;391
3339;110;-71;-92;391
3402;110;-64;0;391
3465;110;-60;0;391
3528;110;-57;0;391
3591;110;-53;0;435
3654;110;-46;0;435
3717;110;-42;0;435
3780;110;-38;0;435
3843;110;-35;0;435
3906;110;-28;0;211
3969;110;-25;0;211
4032;110;-21;-80;211
4095;110;-18;-80;211
4158;110;-13;-80;38
4221;110;-13;-80;38
4284;110;-13;-80;38
4347;109;-13;-120;38
4410;107;-13;-120;38
4473;105;-13;-120;32
4536;103;-13;-120;32
4599;102;-13;-120;32
4662;99;-13;-120;32
4725;97;-13;-120;32
4788;96;-13;-120;81
4851;94;-13;-120;81
4914;91;-13;-120;81
4977;91;-13;-38;81
5040;91;-13;-38;81
5103;91;-13;-38;81
5166;91;-4;-38;265
5229;91;4;0;265
5292;91;4;0;265
5355;91;14;0;265
5418;91;16;0;0
5481;91;16;0;0
5544;90;16;-132;-30
5607;90;16;-132;-30
5670;87;16;-132;-30
5733;85;16;-132;-30
5796;83;16;-132;-30
5859;82;16;-132;-30
5922;79;16;-123;-52
5985;77;16;-123;-52
6048;76;16;-123;-52
6111;74;16;-123;-52
6174;72;16;-41;-53
6237;72;16;-41;-53
6300;72;16;-41;-53
6363;72;16;-41;-53
6426;72;16;-41;-53
6489;72;16;0;-66
6552;72;16;0;-66
6615;72;16;0;-66
6678;72;16;26;-66
6741;72;16;26;-66
6804;72;16;26;-137
6867;72;14;26;-137
6930;72;11;0;-137
6993;72;9;0;-137
7056;72;7;0;-137
7119;72;6;0;-137
7182;72;5;0;-47
7245;72;5;0;-47
7308;75;5;348;-47
7371;79;6;348;121
7434;87;9;348;121
7497;91;10;348;121
7560;99;13;347;121
7623;99;13;347;121
7686;107;16;347;113
7749;111;17;347;113
7812;115;18;347;113
7875;122;21;209;113
7938;125;22;209;147
8001;128;24;209;147
8064;130;26;209;147
8127;136;29;209;147
8190;138;31;-38;147
8253;138;34;-38;246
8316;138;37;-38;246
8379;132;45;-292;246
8442;128;50;-292;246
8505;123;54;-292;246
8568;119;58;-292;0
8631;108;58;-409;0
8694;104;58;-409;0
8757;100;58;-409;0
8820;96;58;-409;0
8883;89;58;-409;0
8946;85;58;-281;0
9009;79;58;-281;0
9072;74;58;-281;0
9135;63;58;-281;0
9198;58;58;-281;0
9261;52;58;-281;0
9324;51;58;0;-79
9387;51;58;0;-79
9450;51;58;0;-79
9513;51;58;0;-79
9576;51;58;0;-79
9639;51;58;0;-79
9702;51;56;0;-120
9765;51;54;74;-120
9828;51;51;74;-120
9891;51;50;74;-120
9954;51;48;74;-154
10017;51;46;74;-154
10080;51;44;96;-154
10143;51;40;96;-154
10206;51;38;96;-154
10269;51;36;96;-126
10332;52;33;194;-126
10395;52;33;194;-126
10458;58;30;194;-126
10521;64;27;194;-58
10584;66;27;194;-58
10647;69;27;322;-58
10710;73;27;322;-58
10773;80;27;322;-58
10836;80;27;322;-58
10899;87;27;322;0
10962;91;27;269;0
11025;96;27;269;0
11088;105;27;269;0
11151;110;27;269;0
11214;115;27;269;0
11277;119;27;0;0
11340;120;27;0;159
11403;120;31;0;159
11466;120;33;0;159
11529;120;35;0;159
11592;120;39;0;159
11655;120;42;0;221
11718;120;46;0;221
11781;120;49;0;221
11844;119;52;-110;221
11907;117;59;-110;221
11970;116;60;-110;34
12033;114;60;-110;34
12096;112;60;-70;34
12159;112;60;-70;34
12222;112;60;-70;34
12285;112;60;-70;0
12348;112;60;-70;0
12411;112;60;-70;0
12474;112;60;-70;0
12537;112;60;-70;0
12600;112;60;-70;0
12663;112;60;-70;0
12726;112;60;0;0
12789;112;60;0;0
12852;112;60;0;0
12915;112;62;0;110
12978;112;63;0;110
13041;112;65;0;110
13104;112;66;0;110
13167;112;68;0;149
13230;112;70;0;149
13293;112;72;0;149
13356;112;74;0;149
13419;112;78;0;149
13482;112;80;0;73
13545;112;81;0;73
13608;112;81;0;73
13671;112;81;0;73
13734;112;81;-27;73
13797;112;81;-27;73
13860;112;81;-27;42
13923;112;81;-27;42
13986;112;81;-28;42
14049;112;81;-28;42
14112;112;81;-28;42
14175;112;81;-28;58
14238;112;81;-28;58
14301;112;81;0;58
14364;112;81;0;58
14427;112;81;0;108
14490;112;83;0;108
14553;112;84;0;108
14616;112;85;0;108
14679;112;88;0;108
14742;112;89;0;74
14805;112;89;0;74
14868;112;89;0;74
14931;112;89;-29;74
14994;112;89;-29;74
15057;112;89;-29;68
15120;112;89;-29;68
15183;112;89;-29;68
15246;112;89;0;68
15309;112;89;0;68
15372;112;89;0;68
15435;112;91;0;187
15498;112;94;0;187
15561;112;96;0;187
15624;112;101;0;187
15687;112;104;0;300
15750;112;107;0;300
15813;112;111;0;300
15876;112;115;-42;300
15939;112;122;-42;300
16002;112;126;-42;300
16065;112;126;-42;0
16128;112;126;-42;0
16191;110;126;-103;0
16254;109;126;-103;0
16317;108;126;-103;0
16380;107;126;-103;0
16443;104;126;-147;0
16506;102;126;-147;-95
16569;100;126;-147;-95
16632;96;126;-147;-95
16695;94;126;-147;-95
16758;92;126;-130;-95
16821;89;126;-130;-94
16884;87;126;-130;-94
16947;87;126;-130;-94
17010;84;126;-130;-94
17073;82;126;-117;-94
17136;81;126;-117;-100
17199;78;126;-117;-100
17262;76;126;-117;-100
17325;75;126;-117;-100
17388;73;126;-133;-100
17451;72;126;-133;-100
17514;68;123;-133;-198
17577;67;121;-133;-198
17640;63;116;-221;-198
17703;60;113;-221;-198
17766;57;110;-221;-310
17829;53;107;-221;-310
17892;50;104;-221;-310
17955;43;97;-221;-310
18018;41;92;-173;-310
18081;39;88;-173;-310
18144;36;83;-173;-270
18207;34;78;-173;-270
18270;29;69;-173;-270
18333;29;59;-81;-270
18396;29;56;-81;-210
18459;29;52;-81;-210
18522;29;49;-81;-210
18585;29;46;-81;-210
18648;29;42;-69;-210
18711;29;39;-69;-210
18774;29;35;-69;-136
18837;29;33;-69;-136
18900;29;32;-69;-136
18963;29;28;-51;-136
19026;29;27;-51;-44
19089;29;27;-51;-44
19152;29;27;-51;-44
19215;29;27;-73;-44
19278;29;27;-73;-44
19341;29;27;-73;-44
19404;29;27;-73;-49
19467;29;27;-73;-49
19530;29;27;-73;-49
19593;29;27;-100;-49
19656;29;27;-100;-49
19719;29;27;-100;-62
19782;29;27;-100;-62
19845;29;27;-100;-62
19908;29;27;-141;-62
19971;25;27;-141;-115
20034;23;26;-141;-115
20097;20;23;-141;-115
20160;18;22;-141;-115
20223;18;22;-141;-115
20286;14;19;-163;-115
20349;12;17;-163;-118
20412;8;14;-163;-118
20475;6;13;-163;-118
20538;4;11;-124;-118
20601;3;10;-124;-118
20664;0;7;-124;-116
20727;-1;5;-124;-116
20790;-2;4;-124;-116
20853;-4;3;-121;-116
20916;-5;1;-121;-116
20979;-8;0;-121;-104
21042;-10;-2;-121;-104
21105;-13;-4;-112;-104
21168;-14;-5;-112;-104
21231;-15;-6;-112;-110
21294;-17;-8;-112;-110
21357;-18;-9;-112;-110
21420;-19;-10;-112;-110
21483;-20;-13;-96;-110
21546;-20;-14;-96;-109
21609;-20;-16;-96;-109
21672;-20;-17;-96;-109
21735;-20;-19;-86;-109
21798;-20;-21;-86;-109
21861;-20;-22;-86;-105
21924;-20;-24;-86;-105
21987;-20;-26;-86;-105
22050;-20;-27;-91;-105
22113;-20;-28;-91;-105
22176;-20;-29;-91;-75
22239;-20;-29;-91;-75
22302;-20;-29;-91;-75
22365;-22;-29;-122;-75
22428;-22;-29;-122;-75
22491;-23;-29;-122;-75
22554;-26;-29;-122;-64
22617;-28;-29;-122;-64
22680;-31;-29;-131;-64
22743;-32;-29;-131;-64
22806;-34;-30;-131;-105
22869;-36;-31;-131;-105
22932;-37;-32;-131;-105
22995;-41;-34;-113;-105
23058;-42;-36;-113;-105
23121;-44;-39;-113;-148
23184;-46;-41;-113;-148
23247;-47;-43;-113;-148
23310;-48;-45;-94;-148
23373;-48;-47;-94;-148
23436;-48;-49;-94;-143
23499;-48;-52;-94;-143
23562;-48;-54;-94;-143
23625;-48;-57;-73;-143
23688;-48;-59;-73;-100
23751;-48;-59;-73;-100
23814;-48;-59;-73;-100
23877;-48;-59;-73;-100
23940;-48;-59;-73;-100
24003;-48;-59;-73;-78
24066;-48;-59;-73;-78
24129;-48;-59;-73;-78
24192;-48;-59;-73;-78
24255;-48;-59;-97;-78
24318;-48;-59;-97;-89
24381;-48;-59;-97;-89
24444;-48;-59;-97;-89
24507;-48;-59;-97;-89
24570;-49;-59;-102;-89
24633;-50;-59;-102;-89
24696;-51;-60;-102;-135
24759;-52;-62;-102;-135
24822;-55;-65;-102;-135
24885;-56;-67;-115;-135
24948;-58;-69;-115;-135
25011;-60;-72;-115;-124
25074;-62;-73;-115;-124
25137;-64;-76;-92;-124
25200;-64;-78;-92;-124
25263;-64;-79;-92;-124
25326;-64;-81;-92;-114
25389;-64;-83;-92;-114
25452;-65;-85;-101;-114
25515;-66;-86;-101;-114
25578;-67;-87;-101;-114
25641;-69;-88;-101;-73
25704;-71;-88;-101;-73
25767;-72;-88;-124;-73
25830;-73;-88;-124;-73
25893;-75;-88;-124;-73
25956;-78;-88;-124;-52
26019;-79;-88;-124;-52
26082;-81;-88;-138;-52
26145;-83;-88;-138;-52
26208;-84;-88;-138;-52
26271;-88;-88;-138;-89
26334;-89;-88;-138;-89
26397;-93;-88;-124;-89
26460;-94;-88;-124;-89
26523;-96;-88;-124;-111
26586;-97;-90;-124;-111
26649;-99;-91;-124;-111
26712;-100;-94;-88;-111
26775;-100;-95;-88;-111
26838;-100;-96;-88;-111
26901;-100;-98;-88;-159
26964;-100;-100;-88;-159
27027;-100;-104;-47;-159
27090;-100;-106;-47;-159
27153;-100;-109;-47;-159
27216;-100;-113;-47;-158
27279;-100;-115;-47;-158
27342;-100;-117;-29;-158
27405;-100;-121;-29;-158
27468;-100;-123;-29;-125
27531;-100;-124;-29;-125
27594;-100;-126;-29;-125
27657;-100;-129;0;-125
27720;-100;-130;0;-125
27783;-100;-130;0;-78
27846;-100;-130;0;-78
27909;-100;-130;0;-78
27972;-100;-130;0;-78
28035;-100;-130;0;-78
28098;-100;-130;0;-72
28161;-100;-130;0;-72
28224;-100;-130;0;-72
28287;-100;-130;0;-72
28350;-100;-130;0;-72
28413;-100;-130;0;-39
28476;-100;-130;0;-39
28539;-100;-130;0;-39
28602;-100;-130;0;-39
28665;-100;-130;0;-39
28728;-100;-130;0;0
28791;-100;-130;63;44
28854;-100;-130;63;44
28917;-100;-130;63;44
28980;-100;-130;63;44
29043;-100;-130;63;44
29106;-100;-130;63;87
29169;-99;-130;141;87
29232;-95;-130;141;87
29295;-94;-130;141;87
29358;-92;-130;141;87
29421;-90;-128;141;159
29484;-85;-124;200;159
29547;-82;-122;200;159
29610;-79;-120;200;159
29673;-77;-118;200;159
29736;-74;-116;200;142
29799;-66;-112;268;142
29862;-62;-111;268;142
29925;-58;-109;268;142
29988;-53;-107;268;142
30051;-45;-106;394;0
30114;-41;-106;394;0
30177;-37;-106;394;0
30240;-34;-106;394;0
30303;-26;-109;394;-158
30366;-22;-111;452;-158
30429;-17;-113;452;-158
30492;-13;-115;452;-158
30555;-5;-119;452;-74
30618;-1;-119;452;-74
30681;5;-119;448;-74
30744;9;-119;448;-74
30807;13;-119;448;-74
30870;16;-119;448;0
30933;20;-119;448;0
30996;27;-119;459;0
31059;31;-119;459;0
31122;35;-119;459;0
31185;38;-119;459;0
31248;42;-119;459;0
31311;49;-119;437;0
31374;53;-119;437;0
31437;56;-119;437;0
31500;64;-119;437;0
31563;67;-119;437;0
31626;71;-119;383;0
31689;75;-119;383;0
31752;82;-119;383;0
31815;86;-119;383;0
31878;89;-119;383;0
31941;93;-119;351;0
32004;100;-119;351;0
32067;104;-119;351;0
32130;107;-119;351;0
32193;111;-119;351;0
32256;119;-119;253;0
32319;122;-119;253;0
32382;126;-119;253;0
32445;130;-119;253;0
32508;136;-119;0;0
32571;135;-119;-129;0
32634;134;-119;-129;0
32697;132;-119;-129;0
32760;131;-119;-129;0
32823;128;-119;-129;0
32886;126;-119;-129;0
32949;120;-119;-276;0
33012;116;-119;-276;0
33075;112;-119;-276;0
33138;107;-119;-276;0
33201;103;-119;-276;0
33264;95;-119;-191;0
33327;92;-119;-191;0
33390;89;-119;-191;0
33453;87;-119;-191;-28
33516;84;-119;-191;-28
33579;80;-119;0;-28
33642;80;-119;0;-28
33705;80;-119;0;-28
33768;80;-118;0;152
33831;80;-113;0;152
33894;80;-111;0;152
33957;80;-109;0;152
34020;80;-107;0;152
34083;80;-107;0;0
34146;80;-107;0;0
34209;80;-107;0;0
34272;80;-107;0;0
34335;80;-107;0;0
34398;80;-107;0;0
34461;80;-107;0;0
34524;80;-107;0;0
34587;80;-107;0;0
34650;80;-107;0;0
34713;80;-106;0;133
34776;80;-104;0;133
34839;80;-101;0;133
34902;80;-99;0;133
34965;80;-96;0;321
35028;80;-92;0;321
35091;80;-88;0;321
35154;80;-85;0;321
35217;80;-81;0;321
35280;80;-74;0;288
35343;80;-69;0;288
35406;80;-64;-351;288
35469;75;-58;-351;288
35532;69;-53;-351;288
35595;58;-41;-351;288
35658;54;-40;-351;0
35721;50;-40;-351;0
35784;46;-40;-525;0
35847;42;-40;-525;0
35910;35;-40;-525;0
35973;27;-40;-525;0
36036;23;-40;-483;0
36099;19;-40;-483;0
36162;16;-40;-483;0
36225;8;-40;-483;59
36288;4;-40;-483;59
36351;2;-40;-38;59
36414;2;-40;-38;59
36477;2;-40;-38;59
36540;2;-40;-38;59
36603;2;-40;-38;36
36666;2;-40;0;36
36729;2;-40;0;36
36792;2;-40;0;36
36855;2;-40;45;33
36918;2;-40;45;33
36981;2;-40;45;33
37044;2;-40;45;33
37107;2;-40;45;33
37170;2;-40;52;113
37233;2;-39;52;113
37296;2;-38;52;113
37359;2;-35;52;113
37422;2;-34;52;113
37485;2;-29;69;243
37548;2;-26;69;243
37611;2;-22;69;243
37674;2;-19;69;243
37737;2;-16;69;243
37800;2;-12;69;243
37863;2;-12;0;70
37926;2;-12;0;70
37989;2;-12;0;70
38052;2;-12;0;70
38115;2;-12;0;70
38178;2;-10;0;123
38241;2;-7;-82;123
38304;2;-5;-82;123
38367;2;-4;-82;123
38430;2;-2;-82;130
38493;2;0;-82;130
38556;0;2;-150;130
38619;-2;4;-150;130
38682;-4;5;-150;130
38745;-6;7;-150;67
38808;-8;7;-150;67
38871;-11;7;-108;67
38934;-12;7;-108;67
38997;-15;7;-108;65
39060;-16;7;-108;65
39123;-17;7;-121;65
39186;-19;7;-121;65
39249;-20;7;-121;65
39312;-22;7;-121;65
39375;-25;7;-121;75
39438;-26;7;-30;75
39501;-26;7;-30;75
39564;-26;7;-30;75
39627;-26;7;-30;108
39690;-26;8;-30;108
39753;-26;9;-37;108
39816;-26;10;-37;108
39879;-26;12;-37;108
39942;-26;14;-37;108
40005;-26;21;-37;387
40068;-26;25;-43;387
40131;-26;29;-43;387
40194;-26;32;-43;387
40257;-26;36;-43;387
40320;-26;39;-43;103
40383;-28;40;-224;103
40446;-32;41;-224;103
40509;-35;42;-224;103
40572;-38;44;-224;103
40635;-46;44;-224;-40
40698;-50;44;-266;-40
40761;-54;44;-266;-40
40824;-57;44;-266;-40
40887;-65;44;-266;-66
40950;-69;44;-266;-66
41013;-73;44;-236;-66
41076;-80;44;-236;-66
41139;-84;44;-236;-66
41202;-88;44;-236;0
41265;-92;44;-236;0
41328;-95;44;-51;0
41391;-95;44;-51;0
41454;-95;44;-51;0
41517;-95;44;-51;0
41580;-95;44;-51;0
41643;-95;44;0;0
41706;-95;44;0;0
41769;-95;44;0;0
41832;-95;44;0;73
41895;-95;44;0;73
41958;-95;44;0;73
42021;-95;44;0;73
42084;-95;44;0;73
42147;-95;46;0;147
42210;-95;48;35;147
42273;-95;52;35;147
42336;-95;54;35;147
42399;-95;56;35;147
42462;-95;56;35;0
42525;-95;56;28;0
42588;-95;56;28;0
42651;-95;56;28;0
42714;-95;56;28;0
42777;-95;56;0;0
42840;-95;56;0;0
42903;-95;56;0;0
42966;-95;56;0;0
43029;-95;56;0;0
43092;-95;56;0;-29
43155;-95;56;27;-29
43218;-95;56;27;-29
43281;-95;56;27;-29
43344;-95;56;27;-29
43407;-95;56;65;0
43470;-95;56;65;0
43533;-95;56;65;0
43596;-95;56;65;0
43659;-95;57;65;204
43722;-95;60;87;204
43785;-95;63;87;204
43848;-95;70;87;204
43911;-95;73;87;204
43974;-95;76;87;237
44037;-95;80;0;237
44100;-95;83;0;237
44163;-95;89;0;237
44226;-95;93;0;237
44289;-95;96;0;237
44352;-95;96;0;0
44415;-95;96;0;0
44478;-95;96;0;0
44541;-95;96;0;0
44604;-95;96;0;0
44667;-95;93;0;-138
44730;-95;92;0;-138
44793;-95;90;0;-138
44856;-95;88;0;-138
44919;-95;86;0;-74
44982;-95;86;0;-87
45045;-95;86;0;-87
45108;-95;86;0;-87
45171;-95;84;0;-101
45234;-95;83;0;-101
45297;-95;81;0;-101
45360;-95;79;0;-101
45423;-95;79;0;-97
45486;-95;79;0;-97
45549;-95;79;0;-97
45612;-95;79;-36;-97
45675;-95;79;-36;-97
45738;-95;79;-36;-81
45801;-95;79;-36;-81
45864;-95;79;-36;-81
45927;-95;79;-37;-81
45990;-95;79;-37;-81
46053;-95;78;-37;-118
46116;-95;75;-37;-118
46179;-95;74;-37;-118
46242;-95;72;-43;-118
46305;-95;71;-43;-118
46368;-95;70;-43;-135
46431;-95;66;-43;-135
46494;-95;64;-43;-135
46557;-95;63;-46;-135
46620;-95;61;-46;-135
46683;-95;57;-46;-133
46746;-95;56;-46;-133
46809;-95;54;-46;-133
46872;-95;52;-46;-133
46935;-95;49;-30;-133
46998;-95;47;-30;-155
47061;-95;45;-30;-155
47124;-95;41;-30;-155
47187;-95;39;-28;-155
47250;-95;37;-28;-155
47313;-95;35;-28;-155
47376;-95;31;-28;-155
47439;-95;29;-28;-155
47502;-95;27;0;-155
47565;-95;24;0;-155
47628;-95;21;0;-145
47691;-95;19;0;-145
47754;-95;17;0;-145
47817;-95;15;0;-145
47880;-95;13;0;-145
47943;-95;9;0;-124
48006;-95;8;0;-124
48069;-95;6;0;-124
48132;-95;3;0;-124
48195;-95;2;0;-129
48258;-95;0;0;-129
48321;-95;0;0;-129
48384;-95;-3;0;-129
48447;-95;-5;0;-129
48510;-95;-6;0;-143
48573;-95;-8;0;-143
48636;-95;-11;0;-143
48699;-95;-13;0;-143
48762;-95;-15;0;-143
48825;-95;-17;0;-143
48888;-95;-19;0;-147
48951;-95;-22;0;-147
49014;-95;-24;0;-147
49077;-95;-26;0;-147
49140;-95;-28;0;-147
49203;-95;-32;0;-161
49266;-95;-34;0;-161
49329;-95;-37;0;-161
49392;-95;-39;0;-161
49455;-95;-43;0;-177
49518;-95;-46;0;-177
49581;-95;-48;0;-177
49644;-95;-51;0;-177
49707;-95;-56;0;-177
49770;-95;-58;0;-155
49833;-95;-60;0;-155
49896;-95;-64;0;-155
49959;-95;-66;0;-155
50022;-95;-68;0;-155
50085;-95;-70;0;-136
50148;-95;-73;0;-136
50211;-95;-75;0;-136
50274;-95;-77;0;-136
50337;-95;-79;0;-136
50400;-95;-82;0;-116
50463;-95;-83;0;-116
50526;-95;-85;0;-116
50589;-95;-88;0;-116
50652;-95;-89;0;-99
50715;-95;-89;0;-99
50778;-95;-89;0;-99
50841;-95;-89;0;-99
50904;-95;-89;0;-99
50967;-95;-90;0;-101
51030;-95;-91;0;-101
51093;-95;-94;0;-101
51156;-95;-95;0;-101
51219;-95;-96;0;-101
51282;-95;-97;0;-101
51345;-95;-99;0;-101
51408;-95;-101;0;-101
51471;-95;-102;0;-101
51534;-95;-103;0;-94
51597;-95;-103;0;-94
51660;-95;-103;0;-94
51723;-95;-103;0;-94
51786;-95;-103;0;-94
51849;-95;-103;0;-89
51912;-95;-103;0;-89
51975;-95;-103;0;-89
52038;-95;-103;0;-89
52101;-95;-103;0;-93
52164;-95;-103;0;-93
52227;-95;-103;0;-93
52290;-95;-103;0;-93
52353;-95;-103;0;-93
52416;-95;-104;0;-108
52479;-95;-105;0;-108
52542;-95;-106;0;-108
52605;-95;-109;0;-108
52668;-95;-110;0;-108
52731;-95;-111;0;-104
52794;-95;-114;0;-104
52857;-95;-115;0;-104
52920;-95;-116;0;-104
52983;-95;-118;0;-83
53046;-95;-119;0;-83
53109;-95;-119;0;-83
53172;-95;-119;0;-83
53235;-95;-119;0;-83
53298;-95;-119;0;-37
53361;-95;-119;0;-37
53424;-95;-119;43;-37
53487;-95;-119;43;-37
53550;-94;-119;121;0
53613;-93;-119;121;0
53676;-91;-119;121;0
53739;-88;-119;121;0
53802;-85;-119;136;0
53865;-83;-119;136;80
53928;-78;-119;136;80
53991;-77;-119;136;80
54054;-75;-119;136;80
54117;-73;-119;136;42
54180;-68;-119;136;42
54243;-67;-119;136;42
54306;-65;-119;134;42
54369;-61;-119;134;36
54432;-58;-119;134;36
54495;-56;-119;134;36
54558;-53;-119;144;36
54621;-50;-119;144;40
54684;-46;-119;144;40
54747;-43;-119;144;40
54810;-37;-119;148;47
54873;-35;-119;148;47
54936;-31;-119;148;47
54999;-29;-119;148;47
55062;-25;-119;160;54
55125;-21;-119;160;54
55188;-19;-119;160;54
55251;-15;-119;158;45
55314;-13;-119;158;45
55377;-9;-119;158;45
55440;-7;-119;158;45
55503;-3;-119;162;43
55566;1;-119;162;43
55629;3;-119;162;43
55692;7;-119;162;43
55755;9;-119;159;48
55818;13;-119;159;48
55881;17;-119;159;48
55944;19;-119;159;48
56007;23;-119;159;47
56070;25;-119;159;47
56133;27;-119;159;47
56196;31;-119;159;47
56259;33;-119;146;32
56322;37;-119;146;32
56385;39;-119;146;32
56448;41;-119;146;32
56511;45;-119;146;32
56574;47;-119;152;0
56637;49;-119;152;0
56700;55;-119;152;0
56763;59;-119;152;0
56826;61;-119;152;0
56889;65;-119;152;-26
56952;69;-119;152;-26
57015;71;-119;147;-26
57078;77;-119;147;-29
57141;79;-119;147;-29
57204;83;-119;138;-29
57267;86;-119;138;-29
57330;89;-119;138;-36
57393;93;-119;131;-36
57456;96;-119;131;-36
57519;101;-119;131;-35
57582;103;-119;128;-35
57645;106;-119;128;-35
57708;107;-119;128;-35
57771;110;-119;128;-35
57834;112;-119;106;-35
57897;113;-119;106;-35
57960;115;-119;106;-35
58023;118;-119;106;-42
58086;119;-119;64;-42
58149;119;-119;64;-61
58212;119;-119;39;-61
58275;119;-119;39;-61
58338;119;-119;39;-65
58401;119;-119;39;-65
58464;119;-119;35;-65
58527;119;-119;35;-65
58590;119;-119;35;-47
58653;119;-119;0;-47
58716;119;-119;0;-47
58779;119;-119;0;0
58842;119;-119;0;0
58905;119;-119;0;0
58968;119;-119;0;0
59031;119;-119;0;0
59094;119;-119;0;0
59157;119;-119;0;63
59220;119;-119;0;63
59283;119;-119;0;63
59346;119;-119;-50;63
59409;119;-119;-50;63
59472;119;-119;-50;121
59535;119;-114;-50;121
59598;119;-113;-50;121
59661;116;-110;-133;121
59724;113;-105;-133;186
59787;109;-100;-133;186
59850;107;-97;-167;186
59913;103;-93;-167;135
59976;98;-90;-167;135
60039;92;-85;-167;135
60102;88;-82;-167;128
60165;83;-79;-167;128
60228;81;-77;-145;128
60291;77;-74;-145;114
60354;75;-73;-145;114
60417;72;-70;-145;114
60480;70;-69;-150;114
60543;66;-66;-150;127
60606;61;-63;-150;127
60669;59;-62;-150;127
60732;54;-57;-145;113
60795;52;-56;-145;113
60858;48;-53;-145;113
60921;46;-52;-147;113
60984;40;-48;-147;110
61047;34;-44;-147;110
61110;33;-43;-124;110
61173;30;-40;-124;108
61236;28;-39;-124;108
61299;25;-37;-124;108
61362;24;-35;-106;108
61425;20;-31;-106;121
61488;19;-30;-106;121
61551;16;-27;-103;121
61614;15;-25;-103;121
61677;13;-22;-103;126
61740;11;-19;-103;126
61803;8;-16;-101;126
61866;6;-13;-101;109
61929;5;-12;-101;109
61992;3;-11;-101;109
62055;3;-7;-94;109
62118;3;-6;-94;97
62181;3;-6;-102;97
62244;0;-6;-102;97
62307;0;-6;-102;88
62370;-3;-6;-102;88
62433;-4;-6;-99;88
62496;-4;-6;-99;92
62559;-4;-6;-99;92
62622;-4;-6;-99;92
62685;-5;-6;-121;92
62748;-6;-6;-121;92
62811;-9;-4;-121;154
62874;-11;-2;-121;154
62937;-16;3;-148;154
63000;-20;7;-148;177
63063;-22;10;-148;177
63126;-26;15;-148;177
63189;-27;17;-105;177
63252;-31;23;-105;131
63315;-32;25;-105;131
63378;-34;29;-109;131
63441;-35;30;-109;131
63504;-37;32;-109;102
63567;-39;34;-109;102
63630;-43;38;-118;102
63693;-45;39;-118;79
63756;-48;39;-118;79
63819;-49;39;-118;79
63882;-52;39;-124;79
63945;-55;39;-124;92
64008;-60;39;-98;92
64071;-60;39;-98;92
64134;-60;43;-98;281
64197;-60;48;-98;281
64260;-60;57;-98;281
64323;-60;71;0;281
64386;-60;75;0;435
64449;-60;82;0;435
64512;-60;86;-28;435
64575;-60;93;-28;435
64638;-60;95;-28;-60
64701;-60;95;-28;-60
64764;-60;95;-74;-60
64827;-60;95;-74;-60
64890;-60;93;-74;-227
64953;-60;86;-74;-227
65016;-62;80;-119;-227
65079;-65;73;-119;-238
65142;-66;70;-119;-238
65205;-69;63;-113;-238
65268;-73;53;-113;-28
65331;-74;53;-113;-28
65394;-77;53;-130;-28
65457;-79;53;-130;-28
65520;-82;54;-130;684
65583;-84;58;-130;684
65646;-87;66;-72;684
65709;-87;69;-72;684
65772;-87;77;-72;478
65835;-87;80;-72;478
65898;-88;91;-131;478
65961;-91;99;-131;478
66024;-93;100;-131;0
66087;-96;100;-131;0
66150;-103;100;-223;0
66213;-111;100;-223;0
66276;-115;100;-223;0
66339;-121;97;-227;-123
66402;-128;94;-227;-123
66465;-131;93;-227;-123
66528;-138;91;-227;-77
66591;-143;91;-147;-77
66654;-145;91;-147;-77
66717;-149;91;-147;-77
66780;-151;91;-147;-87
66843;-154;91;-136;-87
66906;-156;91;-136;-87
66969;-159;91;-136;-87
67032;-161;91;-136;-86
67095;-164;91;-116;-86
67158;-167;91;-116;-86
67221;-169;91;-116;-86
67284;-172;91;-104;-87
67347;-173;91;-104;-87
67410;-175;91;-104;-87
67473;-176;91;-104;-87
67536;-179;91;-104;-88
67599;-183;91;-102;-88
67662;-185;91;-102;-88
67725;-187;91;-102;-75
67788;-190;91;-102;-75
67851;-191;91;-102;-75
67914;-194;91;-95;-65
67977;-194;91;-95;-65
68040;-194;91;-95;-65
68103;-194;91;-95;-52
68166;-194;91;-78;-52
68229;-194;91;-78;-52
68292;-194;91;-78;-52
68355;-194;91;-45;-51
68418;-194;91;-45;-51
68481;-194;91;-45;-51
68544;-194;91;-38;-62
68607;-194;91;-38;-62
68670;-194;91;-38;-62
68733;-194;91;-38;-91
68796;-194;91;-32;-91
68859;-194;91;-32;-91
68922;-194;89;-32;-135
68985;-194;87;0;-135
69048;-194;84;0;-135
69111;-194;80;0;-135
69174;-194;79;0;-130
69237;-194;75;0;-130
69300;-194;73;0;-130
69363;-194;70;0;-130
69426;-194;70;0;-38
69489;-194;70;85;-38
69552;-194;70;85;-38
69615;-194;70;85;39
69678;-194;70;85;39
69741;-189;70;199;39
69804;-183;70;199;0
69867;-176;70;199;-68
69930;-171;70;193;-68
69993;-168;70;193;-68
70056;-163;70;193;-68
70119;-158;70;171;-48
70182;-153;70;171;-48
70245;-148;70;171;-48
70308;-146;70;171;-60
70371;-141;70;172;-60
70434;-138;70;172;-60
70497;-134;70;172;-60
70560;-131;70;172;-60
70623;-126;70;166;-78
70686;-122;70;166;-78
70749;-120;70;166;-78
70812;-115;70;166;-91
70875;-113;70;173;-91
70938;-108;70;173;-91
71001;-103;70;173;-91
71064;-99;67;178;-111
71127;-94;65;178;-111
71190;-90;62;178;-111
71253;-82;61;172;-93
71316;-80;61;172;-93
71379;-75;61;172;-93
71442;-68;61;148;-93
71505;-66;61;148;-93
71568;-62;61;148;-93
71631;-60;61;148;-93
71694;-56;61;147;-86
71757;-52;61;147;-86
71820;-50;61;147;-86
71883;-46;61;143;-96
71946;-43;61;143;-96
72009;-41;61;143;-96
72072;-38;61;143;-96
72135;-36;61;135;-114
72198;-33;59;135;-114
72261;-31;58;135;-114
72324;-27;55;135;-114
72387;-22;51;136;-104
72450;-19;49;136;-104
72513;-17;48;136;-104
72576;-14;46;122;-58
72639;-11;46;122;-58
72702;-9;46;122;-58
72765;-6;46;122;-58
72828;-5;46;102;-59
72891;-3;46;102;-59
72954;0;46;102;-59
73017;1;46;77;-59
73080;1;44;77;-135
73143;1;41;77;-135
73206;1;35;84;-191
73269;1;33;84;-191
73332;1;28;84;-191
73395;1;25;84;-191
73458;2;20;111;-183
73521;5;15;111;-183
73584;7;10;111;-183
73647;9;8;67;-183
73710;9;5;67;-59
73773;9;5;67;-59
73836;9;5;67;-59
73899;9;5;61;-59
73962;9;5;61;-33
74025;9;5;61;-33
74088;9;5;61;-33
74151;9;5;0;-33
74214;9;5;0;0
74277;9;5;0;0
74340;9;5;0;0
74403;9;5;78;-63
74466;9;5;78;-63
74529;9;5;78;-63
74592;9;5;78;-63
74655;11;5;117;-94
74718;15;5;117;-94
74781;16;5;117;-94
74844;18;5;35;-139
74907;18;3;35;-139
74970;18;0;35;-139
75033;18;-2;44;-139
75096;18;-4;44;-130
75159;18;-9;44;-130
75222;18;-13;105;-130
75285;20;-16;105;-121
75348;22;-19;105;-121
